"id","name"
2770,"алюминий"
2771,"металл"
2772,"АБС пластик"
2773,"алюминий/металл/силикон"
2774,"пластик/алюминий"
2775,"пластик"
2776,"алюминий/АБС пластик"
2777,"нержавеющая сталь/тарпаулин"
2778,"алюминий/АБС пластик/нержавеющая сталь"
2779,"переработанный пластик"
2780,"переработанный ПЭТ-пластик"
2781,"картон"
2782,"пластик/металл"
2783,"переработанный картон/пластик"
2784,"полиуретан термоустойчивый"
2785,"полипропилен"
2786,"металл/акрил"
2787,"АБС пластик/ЕВА"
2788,"АБС пластик с мягким на ощупь покрытием"
2789,"ПВХ/АБС пластик"
2790,"неопрен"
2791,"АБС пластик/металл"
2792,"алюминий, пластик"
2793,"АБС пластик/силикон"
2794,"полиэстер"
2795,"полиэстер/металл/дерево"
2796,"полиэстер/дерево"
2797,"полиэстер, дерево"
2798,"эпонж полиэстер"
2799,"полиэстер/пластик/металл"
2800,"полиэстер эпонж"
2801,"полиэстер, металл, пластик"
2802,"полиэстер/металл/стекловолокно/прорезиненный пластик"
2803,"полиэстер, металл, стекловолокно, прорезиненный пластик"
2804,"Стекло"
2805,"Бамбук/нержавеющая сталь"
2806,"дерево"
2807,"нетканый полипропилен"
2808,"акрил"
2809,"АБС пластик/нержавеющая сталь"
2810,"Полиэтилен"
2811,"хлопок"
2812,"хлопок/резина"
2813,"бамбук"
2814,"искусственная кожа/металл"
2815,"алюминий/нейлон"
2816,"цинковый сплав"
2817,"натуральная кожа"
2818,"тарпаулин"
2819,"100% хлопок, джерси"
2820,"полиэстер 600D"
2821,"нейлон 210D"
2822,"нейлон/полиэстер"
2823,"нейлон Dobby"
2824,"полиуретан/пластик"
2825,"ПВХ"
2826,"нейлон с алмазным покрытием рипстоп"
2827,"ромбовидный рипстоп из полиэстера 600D и 75D"
2828,"нейлон с алмазным покрытием/полиэстер"
2829,"полиэстер 300D"
2830,"полиэстер 420D"
2831,"полиэстер/нейлон"
2832,"полиэстер 600D, 420D"
2833,"полиуретан"
2834,"алюминий/силикон"
2835,"дерево, холщовая ткань, ПЭТ-пластик"
2836,"ПЭТ-пластик, полиэстер, бумага"
2837,"полиэстер флис"
2838,"прорезиненный пластик"
2839,"металл с покрытием софт-тач"
2840,"стекло"
2841,"нержавеющая сталь"
2842,"нерж.сталь/пластик"
2843,"хрусталь"
2844,"хрусталь/позолочение"
2845,"латунь/бронза/серебро, позолота"
2846,"латунь/кожа ската/серебро"
2847,"нержавеющая cталь/пластик"
2848,"пластик/полиуретан"
2849,"латунь с покрытием GUN"
2850,"лаковое покрытие/латунь"
2851,"латунь"
2852,"латунь/лаковое покрытие"
2853,"латунь/хромовое покрытие"
2854,"нержавеющая сталь, лак, латунь, хромирование"
2855,"алюминий/лак"
2856,"100% шелк"
2857,"натуральная кожа/латунь"
2858,"керамика"
2859,"силикон"
2860,"полистоун"
2861,"полиэстер/пластик"
2862,"искусственная кожа"
2863,"пластик/металл/ПВХ"
2864,"нержавеющая сталь/пластик"
2865,"полиэстер/нерж.сталь/пластик"
2866,"фарфор/силикон"
2867,"дерево/металл"
2868,"металл/стекло"
2869,"85% акриловое волокно, 10% спандекс, 5% проводящая пряжа"
2870,"металл/полиэстер"
2871,"ЭВА/пластик/металл/полиэстер"
2872,"полиэстер/ПВХ"
2873,"искусственная кожа, металл, пластик"
2874,"металл, пластик"
2875,"полиэстер/металл/искусственная кожа"
2876,"полиэстер/метал/искуственная кожа"
2877,"эпонж/металл/пластик/шелк"
2878,"эпонж/металл/пластик"
2879,"полиэстер/ флис"
2880,"полиэстер/флис"
2881,"искусственная кожа/дерево/металл/фланель"
2882,"металл/ПВХ"
2883,"дерево/хлопок/резина"
2884,"металл/пластик"
2885,"металл/искусственная кожа"
2886,"дерево/искусственная кожа"
2887,"пластик/нерж.сталь"
2888,"нержавеющая сталь/дерево"
2889,"полиэстер/бамбук"
2890,"стекло/литьевой мрамор (специальный композитный материал)"
2891,"доска- дерево/искусственная кожа; фигурки- литьевой мрамор (специальный композитный материал)"
2892,"искусственная кожа/литьевой мрамор (специальный композитный материал)"
2893,"фарфор"
2894,"дерево/стекло"
2895,"стекло, металл"
2896,"натуральная кожа, нержавеющая сталь"
2897,"натуральная кожа/металл"
2898,"латунь/мрамор"
2899,"мрамор/латунь"
2900,"металл/стекло/стразы Swarovski"
2901,"стекло/металл/стразы"
2902,"стекло/металл"
2903,"искусственная кожа/металл/пластик"
2904,"шелк"
2905,"микрофаза"
2906,"латунь/позолота"
2907,"литьевой мрамор (специальный композитный материал)/стекло/дерево"
2908,"подстаканники, блюдца, сахарница- латунь/ложки - сталь/чашки - керамика"
2909,"подстаканники,блюдца,сахарница-латунь/ложки-сталь/чашки-керамика"
2910,"хрусталь/позолота"
2911,"100% хлопок"
2912,"нержавеющая сталь/пластик; хлопок/лен"
2913,"ювелирная латунь/лак"
2914,"ювелирная латунь/лак/хром"
2915,"полиэстер/ручка - резина, пластик"
2916,"стекло/сплав с содержанием олова не менее 95% (пьютер)"
2917,"драгоценный черный лак/перо-золото 750 пробы/отделка-позолота"
2918,"корпус- латунь, лак/отделка и детали дизайна- сталь, позолота"
2919,"латунь/полимер"
2920,"ювелирная латунь/лак/никеле-палладиевое покрытие"
2921,"ювелирная латунь/никеле-палладиевое покрытие/хром"
2922,"ювелирная латунь/лак/позолота 23К"
2923,"ювелирная латунь/лак/палладиевое покрытие"
2924,"ювелирная латунь/лак/никеле-палладиевое покрытие/покрытие из рутения"
2925,"корпус- нержавеющая сталь с лаковым покрытием, отделка- хром"
2926,"корпус- ювелирная латунь, отделка- оригинальная гравировка, позолота 23K, отдельные элементы дизайна - розовая позолота 23К"
2927,"корпус- латунь, отделка- оригинальная гравировка, отдельные элементы дизайна - посеребрение"
2928,"ювелирная латунь/посеребрение"
2929,"натуральная кожа, латунь/дерево, нержавеющая сталь"
2930,"натуральная кожа, латунь"
2931,"картон/бумага"
2932,"нержавеющая сталь/лак/хром"
2933,"металл/каучук"
2934,"металл/каучук/пластик"
2935,"нерж.сталь/дерево/натуральная кожа"
2936,"нерж.сталь/дерево/пластик/металл/полиэстер"
2937,"нерж.сталь/дерево/полиэстер"
2938,"нерж.сталь/дерево"
2939,"металл/бумага/картон"
2940,"натуральная кожа, подкладка- жаккард"
2941,"soft-touch пластик"
2942,"металл/АБС пластик"
2943,"АБС пластик/акрил"
2944,"алюминий/нержавеющая сталь"
2945,"стекло/нержавеющая сталь"
2946,"АБС пластик/ТПУ"
2947,"АБС/ПК пластик"
2948,"ударопрочный полистирол"
2949,"нетканый полипропилен 80 г/м2"
2950,"полиэстер 600D, нейлон"
2951,"ПВХ 200T"
2952,"полиэстер 600D/нетканный полипропилен 80г/м2"
2953,"нетканный полипропилен 80 г/м2"
2954,"полиэстер 210D"
2955,"бумага, имитирующая кожу"
2956,"пластик/силикон"
2957,"тритан без БФА/пластик"
2958,"пластик без БФА"
2959,"нержавеющая сталь/дерево, полиэстер 600D"
2960,"пластик/картон"
2961,"картон, покрытый бумагой под искусственную кожу"
2962,"ПВХ/пластик"
2963,"АБС-пластик"
2964,"нейлон 840D"
2965,"полиэстер 600D/нейлон"
2966,"нейлон Dobby с материалом Scuba"
2967,"полиэстер 600D, нейлон 420D"
2968,"нейлон 400D"
2969,"нейлон 450D"
2970,"нержавеющая сталь/натуральная кожа"
2971,"поликарбонат"
2972,"пластик/полиэстер"
2973,"пластик/резина"
2974,"нейлон"
2975,"нержавеющая сталь/алюминий"
2976,"коралловый флис (100% полиэстер 245г/м2)"
2977,"нержавеющая сталь/термопластичная резина/металл"
2978,"бамбук; нержавеющая сталь/термопластичная резина/металл"
2979,"полиэстер 600D/ПВХ"
2980,"полиэстер 600D, ПВХ"
2981,"переработанное стекло/пробка"
2982,"алюминий/полипропилен/металл"
2983,"термополиуретан"
2984,"термо ПУ"
2985,"высококачественный фарфор"
2986,"сетка Cool Fit 100% полиэстер"
2987,"пике, 100% хлопок"
2988,"Оксфорд, 100% хлопок"
2989,"оксфорд, 100% хлопок"
2990,"поплин, 100% хлопок"
2991,"саржа, 100% хлопок"
2992,"гладкий трикотаж, 60% хлопок, 40% полиэстер"
2993,"100% полиэстер таслон"
2994,"рипстоп с ромбовидным рисунком, 100% нейлон с блестящим покрытием"
2995,"полиэстер, поролон"
2996,"полиэстер/поролон"
2997,"100% полиэстер"
2998,"латунь, покрыты никелем и блестящим хромом"
2999,"подстаканник/ложка- медь и латунь, покрыты никелем и блестящим хромом; стакан- хрусталь"
3000,"купол- полиэстер, каркас, спицы- металл, ручка- пластик"
3001,"флис, 100% полиэстер"
3002,"100% акрил"
3003,"полиэстер/металл/ЭВА"
3004,"полиэстер/металл/ЕВА"
3005,"полиэстер, стекловолокно, ЭВА"
3006,"пластик/пробковое дерево"
3007,"пластик/искусственная трава"
3008,"нержавеющая cталь/пластик с покрытием soft-touch"
3009,"записная книжка- искусственная кожа, картон, бумага/корпус ручки- латунь, лак/отделка и детали дизайна- латунь, хром"
3010,"корпус- латунь, лак/отделка и детали дизайна- латунь, хром/записная книжка- картон, бумага, искусственная кожа"
3011,"корпус- латунь, лак/отделка и детали дизайна- латунь, хром/записная книжка- картон, бумага"
3012,"корпус и колпачок- латунь, лак, акрил/отделка и детали дизайна- сталь, хром/обложка- искусственная кожа"
3013,"полиэстер/металл/ПВХ"
3014,"полиэтилен"
3015,"металл/дерево"
3016,"хрусталь/сплав бронзы и латуни"
3017,"флис/полиэстер"
3018,"корпус и колпачок- латунь, лак, акрил/отделка и детали дизайна- сталь, хром"
3019,"корпус- латунь, лак, акрил/отделка и детали дизайна- сталь, хром"
3020,"металл/оргстекло/стекло"
3021,"металл/стекло; верхняя часть патрона- картон, обклеенный золотым лайнером, нижняя часть- ПВХ кольцо, обтянутое кожзаменителем"
3022,"дерево/береста/металл/стекло"
3023,"дерево/береста/керамика"
3024,"драгоценная черная смола/напыление розового золота"
3025,"драгоценный синий лак/платиновое напыление"
3026,"натуральная кожа/цельная латунь"
3027,"нержавеющая сталь/напыление розового золота"
3028,"полиэстер/металл/пластик"
3029,"бумага/полипропилен"
3030,"бумага/полиуретан"
3031,"бумага/картон"
3032,"матовый черный полиуретан на тканевой основе"
3033,"телячья кожа/кристаллы Swarovski"
3034,"телячья кожа/микрофибра/кристаллы Swarovski"
3035,"натуральный камень- змеевик/стекло/бронза"
3036,"колокольная бронза/дерево"
3037,"бронза/натуральный камень- змеевик"
3038,"95% органический хлопок, 5% эластан"
3039,"латунь/хромированное покрытие с золотой отделкой"
3040,"корпус - латунь, платиновое покрытие. Отделка и детали дизайна - платина, позолота 23К"
3041,"корпус - латунь, позолота, отделка и детали дизайна - позолота 23К"
3042,"полиэстер 1200D"
3043,"полиэстер 900D"
3044,"латунь, покрытая перламутровым лаком с декором. Отделка и детали дизайна — хром"
3045,"корпус - латунь и хромированное покрытие. Отделка и детали дизайна - позолота 23К."
3046,"корпус - латунь и лакированное покрытие. Отделка и детали дизайна - хром"
3047,"корпус - латунь и лакированное покрытие. Отделка и детали дизайна - хром. "
3048,"нейлон/металл/пластик"
3049,"металл/пластик/каучук"
3050,"полиэстер/дерево/металл"
3051,"полиэстер, металл, дерево"
3052,"карбоновая кожа"
3053,"натуральная кожа/палладий"
3054,"металл/кристаллы Swarovski"
3055,"покрытие розовое золото/кристаллы Swarovski"
3056,"кристаллы Swarovski/металл"
3057,"сетчатый материал, 100% полиэстер с дышащей поверхностью"
3058,"трикотаж, 100% полиэстер с дышащей поверхностью, начес с внутренней стороны"
3059,"100% полиэстер, 290Т; водостойкое покрытие с водоотталкивающей отделкой, подкладка 100% полиэстер"
3060,"100% полиэстер, джерси, микрофлис"
3061,"90% полиэстер, 10% эластан, проклеенный сетчатым материалом из 100% полиэстера"
3062,"100% полиэстер, 240T; водостойкое покрытие с водоотталкивающей отделкой"
3063,"100% нейлон с водоотталкивающим покрытием; 80% пух, 20% перо"
3064,"nan"
3065,"100% полиэстер с водонепроницаемой дышащей мембраной и водоотталкивающей отделкой"
3066,"корал-флис 240 г/м²"
3067,"дерево/нержавеющая сталь"
3068,"АБС-пластик/силикон"
3069,"холщовый хлопок/искусственная кожа"
3070,"холщовый хлопок 18 унций, искусственная кожа"
3071,"полиэстер 600D, рипстоп полиэстер 600D"
3072,"полиэстер/рипстоп полиэстер"
3073,"нержавеющая сталь/АБС пластик"
3074,"металл/резина"
3075,"тритан без БФА"
3076,"алюминий без БФА"
3077,"силикон/сталь/ПВХ"
3078,"АБС-пластик/ПВХ"
3079,"холщовый хлопок"
3080,"хлопок 100 г/м2"
3081,"фарфор/полиэстер"
3082,"биоразлагаемый пластик"
3083,"пластик c покрытием софт-тач"
3084,"акрил/поликарбонат"
3085,"поликарбонат/акрил"
3086,"эпонж полиэстер/стекловолокно"
3087,"полиэстер, стекловолокно, пластик"
3088,"АС пластик"
3089,"АБС пластик/ПУ"
3090,"цинковый сплав/латунь/резина"
3091,"цинковый сплав/шерсть"
3092,"PU-кожа, цинковый сплав, латунь"
3093,"цинковый сплав/резина"
3094,"PU, цинковый сплав"
3095,"цинковый сплав/резина/латунь"
3096,"цинковый сплав/кожа/латунь"
3097,"PU, металл"
3098,"PU, шелк"
3099,"латунь, цинковый сплав"
3100,"PU, цинковый сплав, латунь"
3101,"PU, латунь"
3102,"цинковый сплав/резина/PU-кожа"
3103,"металл/кожа"
3104,"ремень- кожа, ручка- латунь"
3105,"ремень- кожа, хронограф- нержавеющая сталь/резина"
3106,"часы- корпус- сплав цинка, крепление- резина, ручка- латунь с галваническим покрытием"
3107,"латунь с гальваническим покрытием"
3108,"шарф- 100% шерть, ремень- кожа"
3109,"блокнот- полиуретан, ручка- латунь, акриловая смола, хромирование"
3110,"папка- полиуретан, ручка- латунь"
3111,"латунь, гальваническое покрытие"
3112,"блокнот- полиуретан, ручка- латунь, хромирование"
3113,"брелок- железо, цинковый сплав, хромирование, кошелек- кожа"
3114,"папка- полиуретан, ручка- латунь, кожа"
3115,"брелок- железо, цинковый сплав, хромирование, кошелек- кожа, ручка- латунь, хромирование"
3116,"латунь, кожа"
3117,"кошелек- кожа, ручка- латунь с гальваническим покрытием"
3118,"брелок- железо, цинковый сплав, хромирование, кошелек- кожа, ручка- латунь, кожа"
3119,"кошелек- кожа, ручка- латунь, кожа"
3120,"кошелек- кожа, ручка- латунь, хромирование"
3121,"брелок- железо, цинковый сплав, хромирование, ручка- латунь, кожа"
3122,"папка- полиуретан, ручка- лутань, кожа, брелок- железо, цинковый сплав, хромирование"
3123,"кошелек- кожа, брелок- железо, цинковый сплав, хромирование"
3124,"латунь, хромирование"
3125,"блокнот- полиуретан/бумага, ручка- латунь/полиуретан"
3126,"шелк/нержавеющая сталь"
3127,"шелк/латунь"
3128,"шелк/нержавеющая cталь"
3129,"шелк, микрофибра со стразами, металл"
3130,"микрофибра со стразами, металл"
3131,"шелк, цинковый сплав, микрофибра со стразами, металл"
3132,"шелк/цинковый сплав"
3133,"нержавеющая cталь"
3134,"шелк/латунь/кожа"
3135,"клатч- натуральная кожа, ручка- латунь, лак"
3136,"латунь, лак"
3137,"папка- полиуретан, флешка- латунь, лак, ручка- латунь, лак"
3138,"шарф- 100% шерть, часы- корпус- сплав цинка, крепление- натуральняа кожа"
3139,"блокнот- полиуретан, ручка- латунь, лак, брелок- латунь"
3140,"кошелек- кожа, ручка- латунь, лак"
3141,"кошелек- натуральная кожа, брелок- латунь"
3142,"кредитница- натуральная кожа, ручка- латунь, лак"
3143,"шарф- 100% шерть, часы- корпус- сплав цинка, крепление- резина"
3144,"100% шерсть"
3145,"PU"
3146,"полиуретан, полиэстер"
3147,"корпус- сплав цинка, крепление- резина"
3148,"латунь, хромирование, лак"
3149,"корпус- нержавеющая сталь, крепление- нержавеющая сталь/резина"
3150,"железо, цинковый сплав"
3151,"натуральная кожа, полиэстер"
3152,"хлопок с полиэфирным покрытием, полиэстер"
3153,"кожа"
3154,"натуральная кожа, хлопок"
3155,"латунь, покрытие GUN"
3156,"искусственная кожа, бумага"
3157,"латунь/кожа"
3158,"железо, цинковый сплав, хромирование"
3159,"кожзам"
3160,"кожа, полиэстер"
3161,"латунь с позолотой"
3162,"латунь с хромированием"
3163,"полиамид, полиэстер"
3164,"корпус- сплав, крепление- кожа"
3165,"корпус- сплав цинка, крепление- натуральняа кожа"
3166,"материал Eastman tritan™ без БФА"
3167,"алюминий с медным покрытием"
3168,"резина/металл"
3169,"винил/металл"
3170,"полиэстер/винил"
3171,"рипстоп полиэстер 420D"
3172,"полиэстер 420D, полиэстер рипстоп"
3173,"полиэстер рипстоп"
3174,"полиэстер/нержавеющая сталь"
3175,"хлопок/силикон"
3176,"флис/полиэстер рипстоп"
3177,"полиэстер рипстоп/пластик"
3178,"блокнот- бумага, ручка- пластик"
3179,"бумага"
3180,"материал UltraHyde"
3181,"джут"
3182,"ПС пластик"
3183,"металл, пластик, ЭВА"
3184,"нержавеющая сталь/дерево/полиэстер"
3185,"АБС пластик/АС пластик"
3186,"полиэстер 600D, рипстоп"
3187,"АБС пластик/ПК пластик"
3188,"ТПУ/АБС пластик"
3189,"ПК пластик"
3190,"Eastman Tritan™ без БФА"
3191,"хлопок 220 г/м2"
3192,"ЭВА"
3193,"полиамид"
3194,"100% полиэстер, сетка"
3195,"85% хлопок, 15% вискоза"
3196,"100% хлопок, пике"
3197,"100% чесаный хлопок, пике"
3198,"100% микрополиэстер"
3199,"55% хлопок, 45% полиэстер"
3200,"55% хлопок, 45% полиэстер, поплин"
3201,"50% хлопок, 50% полиэстер, футер"
3202,"50% хлопок, 50% полиэстер"
3203,"90% хлопок, 10% вискоза"
3204,"90% хлопок, 10% полиэстер"
3205,"футер, 50% хлопок, 50% полиэстер"
3206,"french terry- 50% хлопок, 50% полиэстер"
3207,"french terry- 90% хлопок, 10% полиэстер"
3208,"65% полиэстер, 35% хлопок, джерси"
3209,"65% полиэстер, 35% хлопок"
3210,"65% полиэстер, 35% хлопок, саржа"
3211,"100% полиэстер с водостойким покрытием и водоотталкивающей отделкой"
3212,"100% микрополиэстер, джерси"
3213,"трикотаж, 100% микрополиэстер"
3214,"полиэстер, флис"
3215,"микрофлис, 100% полиэстер, обе стороны чесаные, одна сторона с антипиллинговым покрытием"
3216,"100% полиэстер/ 94% полиэстер, 6% эластан"
3217,"трикотаж, 100% полиэстер"
3218,"100% полиэстер, джерси"
3219,"100% микрополиэстер/91% микрополиэтер, 9% эластан"
3220,"50% хлопок, 50 полиэстер"
3221,"64% хлопок, 25% полиэстер, 11% вискоза"
3222,"65% хлопок, 35% полиэстер"
3223,"пластик с эффектом натуральной кожи"
3224,"пластик с прорезиненным покрытием, металл"
3225,"пластик с покрытием софт-тач, металл"
3226,"полиэтилен/металл/пластик"
3227,"100% полиэстер 190T"
3228,"полиэстер 210Т"
3229,"нетканый материал"
3230,"специальный металлический сплав"
3231,"бумага/пластик"
3232,"силикон/ABS пластик/липкий стикер"
3233,"пластик с покрытием софт-тач"
3234,"пластик/искусственная кожа"
3235,"100% полиэстер 240T эпонж с покрытием"
3236,"силикон/пластик"
3237,"высококачественный нейлон"
3238,"100% полиэстер, флис"
3239,"искусственная кожа/металл/дерево/фланель"
3240,"джинса 600D"
3241,"силикон/АБС пластик"
3242,"бумага, пластик/металл"
3243,"медный сплав с посеребрением и частичной позолотой"
3244,"стекло/натуральная кожа"
3245,"латунь/пушечная сталь"
3246,"натуральная фактурная кожа наппа"
3247,"натуральная гладкая кожа наппа"
3248,"кожа наппа гладкая"
3249,"латунь/платина"
3250,"полиэстер 900D/М2,  добби, искусственная кожа"
3251,"полиэстер 1680D, ПВХ"
3252,"натуральная кожа/нержавеющая сталь"
3253,"сплит-кожа/натуральная кожа/нержавеющая сталь"
3254,"латунь/позолота/хрусталь"
3255,"латунь/хрусталь"
3256,"латунь, покрытие: золото, никель"
3257,"литьевой мрамор (специальный композитный материал) с бронзовым покрытием"
3258,"фанера (ФК)"
3259,"бумага/PU"
3260,"бумага, металл"
3261,"бумага, имитирующая кожу, металл"
3262,"бумага, имитирующая кожу, металл, пластик"
3263,"экокожа"
3264,"эпонж/металл"
3265,"дерево/картон"
3266,"латунь/золото/яшма"
3267,"латунь, золото"
3268,"фианиты/агат/хрусталь/латунь/золото"
3269,"корпус- латунь, лак/отделка и детали дизайна- хром"
3270,"корпус- латунь, лак/отделка и детали дизайна- позолота"
3271,"корпус- латунь, лак/отделка и детали дизайна- хром, позолота"
3272,"латунь/лак/позолота"
3273,"нержавеющая cталь/АБС пластик"
3274,"полиэстер/дерево/металл/пластик"
3275,"керамика/металл/дерево"
3276,"Eastman Tritan™ без БФА/нержавеющая сталь"
3277,"Eastman Tritan™ без БФА./SAN пластик"
3278,"дизайнерский картон/шпон"
3279,"драгоценная черная смола/платиновое напыление/перо-золота 585 пробы/вставка с родиевым напылением"
3280,"нержавеющая сталь/черное сапфировое стекло"
3281,"нержавеющая сталь/синий лак"
3282,"натуральная кожа/подкладка-жаккард/кольцо вокруг эмблемы с палладиевым напылением"
3283,"драгоценная черная смола/перо - золото 750 пробы/вставка с родиевым напылением"
3284,"замша/жаккардовая подкладка"
3285,"кукла- хлопок, чайник- фарфор"
3286,"шерсть 100%, искусственный мех"
3287,"кукла- фарфор/хлопок, зонт- полиэстер"
3288,"кукла- фарфор/текстиль, нож- нержавеющая сталь"
3289,"металл/пластик/полиэстер"
3290,"АБС пластик/дерево"
3291,"АБС пластик/резина"
3292,"нержавеющая сталь/акрил"
3293,"пластик ПП"
3294,"стекло/силикон/нержавеющая сталь"
3295,"парусина 407 г/м2 хлопок, джут"
3296,"парусина 407 г/м2 хлопок"
3297,"полиэстер рипстоп 600D"
3298,"винил"
3299,"мешковина 542 г/м2, хлопок, искусственная кожа"
3300,"ПЭТ, пластик, ПВХ"
3301,"ПЭТ, пластик"
3302,"металл/EVA"
3303,"стекло/сплав с содержанием алюминия не менее 95% (белый металл)"
3304,"АС пластик без БФА и ПП пластик"
3305,"91% полиэстер, 9% эластан"
3306,"100% полиэстер микрофлис"
3307,"100% полиэстер стретчевый материал с подкладкой сеткой 100% полиэстер"
3308,"100% полиэстер оксфорд с подкладкой полиэстер таффета"
3309,"95% хлопок, 5% эластан, джерси"
3310,"52% хлопок, 48% полиэстер футер"
3311,"100% полиэстер, матовый поплин"
3312,"купол- полиэстер, стержень и ручка- дерево, спицы- металл"
3313,"картон с покрытием ПВХ"
3314,"корпус- сталь, крепление- натуральная кожа"
3315,"полипропилен 180 мкм"
3316,"кристаллы Swarovski"
3317,"кристаллы Swarovski/лак/металл"
3318,"металл/лак/кристаллы Swarovski"
3319,"100% полиэстер. Подкладка 100% полиэстер, сатин. Утеплитель 100% полиэстер"
3320,"керамика с покрытием софт-тач"
3321,"микрофибра"
3322,"АБС и АС пластик"
3323,"АБС пластик/алюминий"
3324,"ПУ"
3325,"ПП пластик"
3326,"алюминий с резиновым покрытием"
3327,"90% полиэстер, 10% хлопок"
3328,"хлопок парусина"
3329,"полиэстер 600D с акцентами из полипропилена"
3330,"полиэстер 190Т"
3331,"металл c покрытием софт-тач"
3332,"ткань"
3333,"дерево/цинковый сплав"
3334,"полиэстер 600D/добби"
3335,"полиэстер 600D/ПУ винил"
3336,"полиэстер 300D/ПУ винил"
3337,"полиэстер с покрытием ПУ/рипстоп полиэстер/тарпаулин"
3338,"полиэстер 1680D/рипстоп 600D"
3339,"полиэстер добби 600D"
3340,"полиэстер 300D/тарпаулин"
3341,"полиэстер 300D/полиэстер с покрытием ПУ"
3342,"алюминий/полиэстер"
3343,"корпус- нержавеющая сталь, крепление- натуральная кожа"
3344,"корпус- силикон, крепление- пластик"
3345,"корпус- нержавеющая сталь, крепление нержавеющая сталь"
3346,"нержавеющая сталь/натуральная кожа/пластик"
3347,"полиэстер 600D, дерево/металл"
3348,"100% хлопок, твил"
3349,"родированное серебро 925-й пробы, сталь, латунь"
3350,"65% полиэстер, 35% хлопок, пике"
3351,"кукла- фарфор/текстиль"
3352,"100% хлопок, джерси, 150 г/м2"
3353,"натуральная кожа с углеродным покрытием"
3354,"перфорированная кожа"
3355,"телячья кожа"
3356,"белый и красный лак, хром"
3357,"латунь, хром"
3358,"темно-синий лак, хром"
3359,"лак, позолота, латунь"
3360,"ювелирная латунь, платина, синий лак, серебряная пудра"
3361,"палладий, черный китайский лак"
3362,"палладий, лак"
3363,"ювелирная латунь, черный китайский лак"
3364,"палладий, черный матовый лак"
3365,"ювелирная латунь, позолота, черный лак, золотая пудра"
3366,"палладий, бирюзовый лак"
3367,"палладий, розовый лак"
3368,"сталь, древесный уголь"
3369,"ювелирная латунь, черный лак, хром"
3370,"ювелирная латунь, синий лак, хром"
3371,"нержавеющая сталь, хром, матовая полировка"
3372,"нержавеющая cталь, хром"
3373,"белый лак, хром"
3374,"латунь, черный и красный лак"
3375,"металл, лак"
3376,"металл, хром, лак"
3377,"металл, красный лак"
3378,"ювелирная латунь, хром, красный лак"
3379,"ювелирная латунь, хром, белый лак"
3380,"ювелирная латунь, хром, лак"
3381,"черный лак, хром"
3382,"хром"
3383,"лак, хром"
3384,"хром, матовая полировка"
3385,"ювелирная латунь, палладий, лак"
3386,"ювелирная латунь, позолота, черный лак с гравировкой птицы Феникс из тонкой позолоты, золотая пудра"
3387,"ювелирная латунь, палладий, черный лак"
3388,"платинирование"
3389,"сталь, палладий"
3390,"высокопрочная ювелирная латунь, позолота, лак"
3391,"ювелирная латунь, лак"
3392,"ювелирная латунь, палладий, белый лак, красный камень кабашон"
3393,"ювелирная латунь, палладий, черный лак, красный камень кабашон"
3394,"ювелирная латунь, палладий, фиолетовый лак"
3395,"ювелирная латунь, палладий, белый перламутровый лак"
3396,"палладий, синий и белый лак, позолота, дерево"
3397,"желтая позолота, палладий"
3398,"лакированное дерево, палладий"
3399,"палладий"
3400,"палладий, позолота"
3401,"латунь, палладий"
3402,"сплав цинка"
3403,"сплав цинка/кожа"
3404,"металл/поликарбонат"
3405,"металл/PU"
3406,"латунь/кожа/PU"
3407,"латунь/хром, сплав цинка"
3408,"латунь/кожа, сплав цинка/кожа"
3409,"латунь с покрытием софт-тач/хром"
3410,"латунь/хром"
3411,"металл/PU, латунь с покрытием софт-тач/хром"
3412,"металл/поликарбонат, латунь/лак/хром"
3413,"латунь/лак/хром"
3414,"полиэстер/стекловолокно"
3415,"полиэстер/алюминий"
3416,"синтетика"
3417,"латунь с покрытием софт-тач"
3418,"латунь/хром, PU"
3419,"латунь с покрытием софт-тач, PU"
3420,"кожа, латунь/хром"
3421,"латунь/лак/хром, PU"
3422,"кожа, латунь/лак/хром"
3423,"сплав цинка/кожа, латунь/кожа"
3424,"кожа, латунь/кожа"
3425,"сталь/кожа"
3426,"латунь/лак"
3427,"латунь/лак/PU"
3428,"латунь/хром/PU"
3429,"сплав цинка, латунь/лак"
3430,"PU, латунь/хром/PU"
3431,"PU, латунь/лак"
3432,"латунь, PU, латунь/лак"
3433,"латунь, латунь/хром/PU"
3434,"кожа, латунь/лак"
3435,"PU, латунь/лак/PU"
3436,"латунь/лак/хром/PU"
3437,"сталь/кожа, латунь/лак"
3438,"сплав цинка, латунь/хром"
3439,"латунь, PU"
3440,"латунь, латунь/лак"
3441,"полиэстер 1480D, добби"
3442,"полиэстер M2"
3443,"ткань Grey Heather, полиэстер 600D PU"
3444,"полиэстер 1200D PU"
3445,"полиэстер М2"
3446,"полиэстер 900D, рипстоп"
3447,"фьюжн, 2 мм рипстоп"
3448,"полиэстер 900D/М2, добби"
3449,"полиэстер 900D, хонейкомб"
3450,"полиэстер 600D/2 мм, рипстоп, фьюжн"
3451,"полиэстер 600D PU"
3452,"ткань Grey Heather, полиэстер 900D PU"
3453,"полиэстер 1680D"
3454,"полиэстер 900D/600D, искусственная кожа"
3455,"полиэстер 900D/М2, добби, искусственная кожа"
3456,"натуральный камень змеевик/латунь, бронза"
3457,"натуральный камень змеевик/латунь"
3458,"переплетный ламинированный картон"
3459,"латунь, мрамор; покрытие- золото, никель"
3460,"латунь, долерит, фианит; покрытие- золото, никель"
3461,"латунь, стекло, фианит; покрытие- золото, никель"
3462,"латунь/дерево, долерит; покрытие- золото, никель"
3463,"латунь; покрытие- золото, никель"
3464,"стекло, латунь, долерит; покрытие- золото, никель"
3465,"стекло, латунь, фианит; покрытие- золото, никель"
3466,"латунь, малахит"
3467,"корпус- сталь, крепление- силикон"
3468,"металл, натуральная кожа"
3469,"натуральная замша"
3470,"пластик c покрытием софт-тач/металл"
3471,"пластик, металл"
3472,"березовая фанера толщиной 6 мм"
3473,"шлифованная березовая фанера толщиной 3 мм"
3474,"натуральная кожа/дерево/стекло"
3475,"пластик, силикон, алюминий"
3476,"пластик, текстиль"
3477,"PVC"
3478,"керамика, дерево"
3479,"березовая фанера толщина 3 мм"
3480,"алюминиевый сплав повышенной прочности"
3481,"сплав с содержанием олова не менее 95% (пьютер)"
3482,"стекло/ сплав с содержанием олова не менее 95% (пьютер)"
3483,"латекс"
3484,"корпус- алюминий/отделка и детали дизайна- алюминий, хром"
3485,"корпус- пластик/отделка и детали дизайна- металл, хром"
3486,"корпус- алюминий, лак/отделка и детали дизайна-  хром, пластик"
3487,"корпус и колпачок- пластик/отделка и детали дизайна- пластик, металл"
3488,"корпус и колпачок- алюминий, лак/отделка и детали дизайна- сталь, хром, кристалл"
3489,"корпус- латунь, лак/отделка и детали дизайна- сталь, хром"
3490,"корпус- латунь, лак/отделка и детали дизайна- сталь, хром, кристалл"
3491,"корпус- латунь, лак/отделка и детали дизайна- латунь, хром"
3492,"корпус и колпачок- латунь, лак/отделка и детали дизайна- латунь, хром"
3493,"корпус и колпачок- латунь, металл/отделка и детали дизайна- латунь, позолота"
3494,"корпус- латунь, металл/отделка и детали дизайна- латунь, позолота"
3495,"корпус- латунь, металл/отделка и детали дизайна- латунь, хром"
3496,"корпус и колпачок- латунь, металл/отделка и детали дизайна- латунь, хром"
3497,"корпус и колпачок- латунь, хром, лак/отделка и детали дизайна- сталь, хром"
3498,"корпус- латунь, лак/отделка и детали дизайна- сталь, позолота, кристалл"
3499,"корпус- латунь/отделка и детали дизайна- сталь, позолота"
3500,"корпус- латунь, натуральная кожа/колпачок- латунь, хром/отделка и детали дизайна- латунь, хром"
3501,"корпус и колпачок- латунь, лак/отделка и детали дизайна- сталь, позолота"
3502,"корпус и колпачок- латунь, лак/отделка и детали дизайна- сталь, оружейный хром"
3503,"корпус- латунь, лак/отделка и детали дизайна- сталь, оружейный хром"
3504,"корпус и колпачок- латунь, лак/отделка и детали дизайна- латунь, медь"
3505,"корпус- латунь, хром, лак/отделка и детали дизайна- сталь, хром"
3506,"корпус- латунь, лак/отделка и детали дизайна- сталь, пушечная сталь"
3507,"корпус и колпачок- латунь, лак/отделка и детали дизайна- сталь, хром"
3508,"корпус- латунь, лак, металл/отделка и детали дизайна- латунь, хром"
3509,"корпус- латунь, лак, металл/отделка и детали дизайна- латунь, позолота"
3510,"корпус и колпачок- латунь, лак, металл/отделка и детали дизайна- латунь, хром"
3511,"100% хлопок футер"
3512,"лакированный металл/хром/кристаллы Swarovski"
3513,"полиэстер/ алюминий/ кристаллы Swarovski"
3514,"байкаст кожа/ цинковый сплав/ кристаллы Swarovski"
3515,"АБС пластик/ хром/ кристаллы Swarovski"
3516,"АБС пластик/ натуральная кожа/ кристаллы Swarovski"
3517,"бумага/ кристаллы Swarovski"
3518,"65% полиэстер, 35% вискоза/ кристаллы Swarovski"
3519,"АБС пластик/алюминий; 70%хлопок, 30% спандекс/кристаллы Swarovski"
3520,"алюминий/ кристаллы Swarovski"
3521,"нейлон/ кристаллы Swarovski"
3522,"рис/кукуруза/полимеры"
3523,"бамбук/полимеры"
3524,"бамбук/полимеры/силикон"
3525,"полиэфирный войлок"
3526,"600D полиэстер"
3527,"полиэстер, микрофибра"
3528,"полиэстер 600D, рипстоп 5мм"
3529,"600D полиэстер, рипстоп 5 мм"
3530,"хром, лак"
3531,"латунь, покрытие розовое золото, лак"
3532,"серебро"
3533,"ювелирная латунь, хром"
3534,"ювелирная латунь, хром, матовая полировка"
3535,"белая бронза"
3536,"золотистая бронза"
3537,"латунь, лак, позолота"
3538,"латунь, позолота, матовая полировка"
3539,"латунь, отделка темно-серого цвета Gun metal"
3540,"металл/палладиевая отделка/композитный материал черного матового цвета"
3541,"палладий, перфорированная кожа"
3542,"ювелирная латунь, лак, желтое золото"
3543,"ювелирная латунь, лак, палладий"
3544,"нержавеющая сталь, хром"
3545,"нержавеющая сталь, лак, хром"
3546,"позолота, лак"
3547,"лен"
3548,"искусственный лен"
3549,"березовая фанера толщина 3мм"
3550,"МДФ толщина 3мм"
3551,"алюминий, ложемент- пластик"
3552,"полиэстер, пластик"
3553,"эко кашемир"
3554,"нейлон, АБС пластик, металл"
3555,"тритан"
3556,"ПЕ"
3557,"АБС пластик, сталь"
3558,"нержавеющая сталь, алюминий, ПП"
3559,"АБС пластик, ТПР"
3560,"сталь, ПП пластик"
3561,"березовая фанера толщиной 3 мм"
3562,"металл, бумага"
3563,"металл/кожа ПУ"
3564,"металл, кожа ПУ"
3565,"ПУ кожа"
3566,"пробка/ПУ кожа"
3567,"металл/полипропилен"
3568,"мел, бумага"
3569,"дерево, пластик, полиэстер"
3570,"пластик, полиэстер"
3571,"дерево, бумага"
3572,"дерево, картон, пластик"
3573,"воск, бумага"
3574,"хлопковый холст"
3575,"АБС пластик, ткань"
3576,"АБС пластик, красное дерево, дакрон"
3577,"полиэстер, металл, прорезиненный пластик"
3578,"полиэстер, металл, ЭВА"
3579,"карты- ламинированный картон, футляр- пластик"
3580,"АБС пластик, АС пластик"
3581,"пластик, нержавеющая сталь"
3582,"нержавеющая сталь, АБС пластик, ПП пластик"
3583,"бамбук, силикон"
3584,"нержавеющая сталь, пластик"
3585,"нержавеющая сталь, АБС пластик"
3586,"дерево, нержавеющая сталь и АБС пластик"
3587,"нержавеющая сталь, нейлон"
3588,"стекло, бамбук"
3589,"высококачественная нержавеющая сталь, металл"
3590,"полиэстер 1680D, полиэстер 900В"
3591,"110 г/м2 ламинированный нетканый полипропилен, 80 г/м² нетканые ручки и завязки2"
3592,"хлопок 240 г/м2"
3593,"микрофибра, ПВХ"
3594,"RhinoTech ™ прочный, водостойкий, моющийся и устойчивый к пятнам материал, сетка PEVA"
3595,"хлопок 175 г/м2, пробковая панель"
3596,"60% полиэстер, 40% шерсть"
3597,"полиэстер, шерсть"
3598,"нейлон, ПВХ"
3599,"ПВХ, ЭВА"
3600,"жесть"
3601,"ПУ, полиэстер"
3602,"кожа ПУ"
3603,"АБС пластик, силикон"
3604,"алюминиевая фольга"
3605,"60% хлопок, 40% полиэстер"
3606,"56% полиэстер, 37% хлопок, 7% вискоза"
3607,"100% нейлон с акриловым покрытием. Утеплитель - 100% полиэстер"
3608,"63% хлопок, 37% лиоцелл"
3609,"100% полиэстер, микрофлис"
3610,"прорезиненный пластик, эластичная резина"
3611,"100% нейлоновая тканая матовая отделка 380T, водоотталкивающая и пухонепроницаемая ткань. Контрастная ткань: 94% полиэстер, 6% эластан с водоотталкивающей поверхностью"
3612,"100% полиэстер, трикотаж с чесанной обратной поверхностью"
3613,"трикотаж джерси 80% хлопок, 20% полиэстер, спаян с трикотажной тканью 93% полиэстер, 7% эластан"
3614,"корпус- латунь, отделка- нержавеющая сталь, резина, розовое золото"
3615,"березовая фанера толщиной 3мм "
3616,"березовая фанера толщиной 3мм"
3617,"корпус- нержавеющая сталь, крепление- кожа аллигатора"
3618,"кожа с тиснением Saffiano"
3619,"кружка- керамика"
3620,"сплит-кожа/натуральная кожа, нержавеющая сталь"
3621,"искусственная кожа, нержавеющая сталь, дерево"
3622,"бук"
3623,"орех"
3624,"бук, тканевая резинка"
3625,"орех, тканевая резинка"
3626,"клен"
3627,"нержавеющая сталь, драгоценная смола"
3628,"корпус- латунь, покрытая матовым черным лаком, зона захвата-пластик, отделка- хромированная нержавеющая сталь"
3629,"кашемир"
3630,"эпонж, файбер-гласс, металл"
3631,"коробка- картон, кружка- керамика"
3632,"ПВХ/полиэстер/солома"
3633,"полиэстер 65%, хлопок 35%"
3634,"полиэстер с бархатным покрытием"
3635,"нейлон 800D"
3636,"полиэстер 150D"
3637,"нейлон Versatek™"
3638,"нейлон, ручки из кожи, внутренние карманы из микрозамши"
3639,"нейлон 1000D, поликарбонат"
3640,"поликарбонат Bayer"
3641,"латунь с лаковым покрытием, отделка- позолота"
3642,"фанера 3 мм, фк"
3643,"коробка- березовая фанера"
3644,"микроволокно"
3645,"латунь/черный лак с сатиновым эффектом/позолота 23К"
3646,"корпус- латунь/матовый черный лак с сатиновым эффектом"
3647,"пластик с покрытием soft-touch\металл"
3648,"шейкер - PP пластик, шарик- нержавеющая сталь"
3649,"дуб"
3650,"березовая фанера"
